],x,;,W,s,Q,g,S,%,*,',C,w,3,e,t,o,h,x,D,M,H,6,a,X,),r,N,4,2,P,t,(,m,U
',H,l,Z,s,E,-,i,>,C,=,0,!,m,B,s,Z,i,_,@,F,>,A,t,!,/,P,{,a,O,y,i,f,s,z
[,a,>,`,q,0,"""",c,.,&,Z,9,"""",T,",",s,J,!,j,I,[,o,t, ,r,),B,],o,F,],i,b,7,C
@,L,-,e,/,D,y,s,c,I,m,.,I,s,O, ,C,',(,G,=,"""",J,a,U,9,s,],w,t,/,w,<,p,3
A,5,$,f,U,n,W,e,T,2,{,$,6,m,=,s,"""",<,U,f,{,\,%,o,y,`,P,t,{,o,1,m,u,e,W
g,F,S,\,m,E,),e,H,7,M,G,{,.,x,",",;,#,6,k,q,.,C, ,2,Y,k,Z,n,O,!,b,+,i,9
L,y,L,l,J,!,9,u,`,Y,"""",z,a,j,i,t,+,H,1,2,q, ,A, ,O,9,q,f,h,[,f,i,(,_,d
z,!,5,P,[,d,t,t,*,&,A,J,:,K,o, ,+,',I,H,B,y,Q,i,F,L,_,{,?,P,X,s,s,O,G
P,M,",",5,N,Q,`, ,-,5,Q,;,3,&,#,e,B,-,=,@,p,4,[,v,M,8,$,9,L,g,2,e,L,c,v
B,n,v,2,+,7,R,n,6,H,e,`,[,J,j, ,m,3,_,q,",",p,(,a,=,Z,$,Y,<,T,0,w,e,n,t
C,\,%,2,h,D,u,e,-,v,T,N,T,4,K,s,Z,d,F,B,j,",",@,o,u,P,o,E,j,N,c,m,h,:,\
F,^,\,Y,i,u,),e,F,/,[,$,G,E,[,r,*,-,o,5,E,),s, ,%,[,/,j,V,W,],w,@,v,X
{,[,O,.,Z,P,"""",h,I,m,i,^,E,h,>,e,d,q,+,c,=,D,Y,n,J,S,!,?,\,m,., ,a,m,=
J,r,7,/,v,D,",",y,Z,x,(,G,.,=,$,o,j,>,x,!,t,6,[,u,@,i,2,],=,z,s, ,U,a,(
),"""",7,e,{,',7,h,!,f,T,#,`,O,`,a,!,3,T,=,L,z,;,v,?,^,",",j,S,8,-,e,B,4,r
X,+,),#,e,X,J, ,.,",",L,k,/,O,5,R,o,(,v,F,(,B,0, ,I,{,],K,[,I,&,i,6,w,g
D,7,x,;,),],q,n,*,b,4,W,9,g,_, ,m,t,@,F,D,:,x,y,{,b,%,7,{,?,R,o,4,o,;
o,*,i,f,L,G,N,u,0,s,h,',%,o,>,r,I,n,b,4,L,2,9, ,y,.,K,#,5,D,W,s,l,4,$
0,(,!,F,b,`,1,t,\,4,O,S,_,I,a,a,y,z,i,;,u,i,o,t,`,q,h,*,p,E,%,i,E,v,i
k,0,P,',U,6,7,s,f,w,6,9,p,L,U,t,n,2,?,f,u,+,d,i,w,^,9,`,7,G,s,c,s,t,2
v,N,>,P,I,x,S,a,t,i,o,_,&,v,!,l,?,8,!,W,m,[,U, ,D,=,s,[,H,-,G,t,Y,*,<
#,+,t,<,A,w,@,o,q,$,+,s,t,B,",",o,),G,K,P,C,0,o,l,y,E,V,>,h,=,t,b,6,*,/
b,V,R,g,z,^,$,o,$,Y,g,-,#,y,%,x,z,#,$,O,',:,C,!,B,8,Z,s,5,v,h,!,s,M,U
